,Company,Revenue Growth (%),Net Income Growth (%),Assets Growth (%),Liabilities Growth (%),Cash Flow from Operations Growth(%)
0,Apple,0.2997420355364507,2.1239268180130924,-1.1159472109295316,-0.5672123302631228,-7.88410346078042
1,Microsoft,-6.662011340840287,-5.7924920677828915,-10.334329675619701,-6.396540008707053,-8.161492175689396
2,Tesla,-16.584239961746977,-24.064302871003093,-15.771471364442299,-10.480864134181635,-3.614122737741436
